policy_id,occupation,age,coverage_amount,premium,policy_type,issue_date,risk_rating,medical_exam_required,state,annual_income,health_status,smoking_status,beneficiary_relationship,payment_frequency,policy_status,underwriter_id,agent_id,last_premium_paid_date,policy_value,region,application_channel,explanation
LIF-1001,Certified Public Accountant,32,400000.0,300.0,Whole Life,2019-06-12,A,No,NY,90000.0,Excellent,Non-Smoker,Spouse,Annual,Active,UW01,AGT01,2024-05-01,45000.0,Northeast,Agent,
LIF-1002,Software Engineer,29,150000.0,340.0,Term Life,2020-04-15,A,No,CA,125000.0,Excellent,Non-Smoker,Child,Monthly,Active,UW02,AGT02,2024-06-10,0.0,West,Online,
LIF-1003,University Professor,46,1200000.0,1540.0,Universal Life,2018-08-30,B,Yes,IL,95000.0,Good,Non-Smoker,Spouse,Quarterly,Active,UW03,AGT03,2024-05-25,320000.0,Midwest,Broker,
LIF-1004,Sales Representative,38,550000.0,1000.0,Term Life,2021-11-15,C,Yes,TX,75000.0,Good,Non-Smoker,Child,Monthly,Active,UW04,AGT04,2024-06-01,0.0,Southwest,Agent,
LIF-1005,Nurse,42,700000.0,1480.0,Whole Life,2019-02-01,B,Yes,FL,85000.0,Good,Non-Smoker,Spouse,Annual,Active,UW05,AGT05,2024-06-10,125000.0,Southeast,Online,
LIF-1006,Retail Manager,50,300000.0,820.0,Term Life,2018-10-22,C,No,OH,60000.0,Fair,Smoker,Spouse,Quarterly,Lapsed,UW06,AGT06,2020-09-15,0.0,Midwest,Broker,Policy lapsed due to payment noncompliance.
LIF-1007,Construction Worker,55,800000.0,2100.0,Whole Life,2019-07-10,D,Yes,PA,70000.0,Fair,Smoker,Child,Monthly,Active,UW07,AGT07,2024-06-05,90000.0,Northeast,Agent,
LIF-1008,Senior Accountant,36,1000000.0,1950.0,Universal Life,2021-03-20,B,Yes,MI,110000.0,Good,Non-Smoker,Spouse,Annual,Active,UW08,AGT08,2024-06-12,210000.0,Midwest,Online,
LIF-1009,Truck Driver,48,600000.0,1780.0,Term Life,2018-05-05,D,Yes,GA,65000.0,Fair,Smoker,Spouse,Quarterly,Lapsed,UW09,AGT09,2021-04-20,0.0,Southeast,Agent,Payment gaps and tobacco use led to lapse.
LIF-1010,Physical Therapist,44,450000.0,960.0,Whole Life,2022-07-18,B,No,MN,85000.0,Excellent,Non-Smoker,Child,Monthly,Active,UW10,AGT10,2024-06-15,72000.0,Midwest,Broker,
LIF-1011,Software Developer,28,200000.0,260.0,Term Life,2023-01-22,A,No,WA,120000.0,Excellent,Non-Smoker,Spouse,Monthly,Active,UW11,AGT11,2024-06-12,0.0,West,Online,
LIF-1012,Financial Advisor,40,950000.0,1800.0,Universal Life,2020-12-11,B,Yes,NJ,130000.0,Good,Non-Smoker,Spouse,Annual,Active,UW12,AGT12,2024-05-30,130000.0,Northeast,Agent,
LIF-1013,Teacher,47,500000.0,1100.0,Whole Life,2019-03-19,C,Yes,CO,60000.0,Fair,Non-Smoker,Child,Quarterly,Active,UW13,AGT13,2024-06-01,68000.0,West,Broker,
LIF-1014,Electrician,39,750000.0,1880.0,Term Life,2018-09-14,C,Yes,IN,70000.0,Good,Non-Smoker,Spouse,Monthly,Active,UW14,AGT14,2024-06-12,0.0,Midwest,Agent,
LIF-1015,Restaurant Manager,52,350000.0,1100.0,Term Life,2019-11-08,D,No,NV,54000.0,Fair,Smoker,Spouse,Quarterly,Lapsed,UW15,AGT15,2022-10-10,0.0,West,Direct Mail,Policy lapsed due to payment delinquency.
LIF-1016,Pharmacist,42,1300000.0,2700.0,Whole Life,2020-08-23,A,Yes,MA,120000.0,Excellent,Non-Smoker,Spouse,Annual,Active,UW01,AGT16,2024-06-14,200000.0,Northeast,Agent,
LIF-1017,Truck Driver,54,550000.0,1850.0,Term Life,2018-07-11,E,Yes,NC,68000.0,Poor,Smoker,Spouse,Monthly,Terminated,UW02,AGT17,2022-01-05,0.0,Southeast,Phone,Policy terminated due to significant medical conditions and non-payment.
LIF-1018,Architect,44,950000.0,1650.0,Universal Life,2022-02-15,B,Yes,OR,115000.0,Good,Non-Smoker,Spouse,Annual,Active,UW03,AGT18,2024-06-15,160000.0,West,Broker,
LIF-1019,Business Manager,36,800000.0,1600.0,Whole Life,2019-12-01,B,Yes,VA,105000.0,Good,Non-Smoker,Spouse,Monthly,Active,UW04,AGT19,2024-06-11,110000.0,Southeast,Agent,
LIF-1020,Insurance Agent,33,420000.0,780.0,Term Life,2021-09-30,A,No,WI,80000.0,Excellent,Non-Smoker,Child,Monthly,Active,UW05,AGT20,2024-06-13,0.0,Midwest,Online,
LIF-1021,Nurse,49,680000.0,1500.0,Universal Life,2020-05-14,C,Yes,TN,78000.0,Fair,Smoker,Spouse,Quarterly,Suspended,UW06,AGT21,2023-09-20,60000.0,Southeast,Broker,Suspended due to recent premium payment lapse.
LIF-1022,Electrician,37,550000.0,1300.0,Term Life,2019-03-21,C,Yes,MO,72000.0,Good,Non-Smoker,Spouse,Monthly,Active,UW07,AGT22,2024-06-12,0.0,Midwest,Agent,
LIF-1023,Pharmacist,45,1250000.0,2750.0,Whole Life,2018-04-10,A,Yes,NJ,130000.0,Excellent,Non-Smoker,Spouse,Annual,Active,UW08,AGT23,2024-05-25,215000.0,Northeast,Agent,
LIF-1024,Truck Driver,51,600000.0,1950.0,Term Life,2021-06-01,D,Yes,AL,65000.0,Fair,Smoker,Spouse,Monthly,Lapsed,UW09,AGT24,2023-02-10,0.0,Southeast,Direct Mail,Policy lapsed after payment default.
LIF-1025,Registered Nurse,43,750000.0,1700.0,Whole Life,2020-11-20,B,Yes,CA,90000.0,Good,Non-Smoker,Child,Annual,Active,UW10,AGT25,2024-06-14,120000.0,West,Broker,
LIF-1026,Attorney,37,900000.0,1850.0,Universal Life,2019-07-05,B,Yes,NY,115000.0,Good,Non-Smoker,Spouse,Monthly,Active,UW11,AGT26,2024-06-10,155000.0,Northeast,Agent,
LIF-1027,Restaurant Worker,45,270000.0,1200.0,Term Life,2018-03-15,E,Yes,TX,43000.0,Fair,Smoker,Spouse,Quarterly,Terminated,UW12,AGT27,2021-08-01,0.0,Southwest,Phone,Policy terminated due to health deterioration and payment issues.
LIF-1028,Sales Representative,39,500000.0,1090.0,Term Life,2022-01-10,C,Yes,FL,67000.0,Good,Non-Smoker,Child,Monthly,Active,UW13,AGT28,2024-06-15,0.0,Southeast,Agent,
LIF-1029,Software Engineer,31,320000.0,530.0,Term Life,2021-06-15,A,No,WA,95000.0,Excellent,Non-Smoker,Spouse,Annual,Active,UW14,AGT29,2024-06-14,0.0,West,Online,
LIF-1030,Property Manager,52,420000.0,1450.0,Whole Life,2019-12-20,D,No,OH,62000.0,Fair,Smoker,Spouse,Quarterly,Lapsed,UW15,AGT30,2022-05-15,45000.0,Midwest,Direct Mail,Lapsed policy due to payment irregularities.
LIF-1031,Physician,48,1400000.0,2900.0,Whole Life,2018-01-12,A,Yes,MD,160000.0,Excellent,Non-Smoker,Spouse,Annual,Active,UW01,AGT01,2024-06-10,320000.0,Northeast,Agent,
LIF-1032,Auto Mechanic,44,580000.0,1880.0,Term Life,2020-10-29,D,Yes,IL,60000.0,Good,Smoker,Spouse,Monthly,Active,UW02,AGT02,2024-06-09,0.0,Midwest,Broker,
LIF-1033,Financial Analyst,38,800000.0,1700.0,Universal Life,2021-05-14,B,Yes,NY,100000.0,Good,Non-Smoker,Spouse,Annual,Active,UW03,AGT03,2024-06-12,140000.0,Northeast,Online,
LIF-1034,Retail Supervisor,55,380000.0,1320.0,Term Life,2018-06-05,D,No,GA,55000.0,Fair,Smoker,Spouse,Quarterly,Lapsed,UW04,AGT04,2021-03-10,0.0,Southeast,Agent,Lapsed due to multiple missed payments.
LIF-1035,Software Developer,27,180000.0,310.0,Term Life,2023-03-10,A,No,CA,95000.0,Excellent,Non-Smoker,Child,Monthly,Active,UW05,AGT05,2024-06-16,0.0,West,Online,
LIF-1036,Construction Worker,60,620000.0,2600.0,Whole Life,2018-01-30,E,Yes,IN,62000.0,Poor,Smoker,Spouse,Annual,Terminated,UW06,AGT06,2021-06-01,80000.0,Midwest,Phone,Terminated due to adverse health and age factors.
LIF-1037,Engineer,39,900000.0,1800.0,Universal Life,2020-09-21,B,Yes,TX,110000.0,Excellent,Non-Smoker,Spouse,Annual,Active,UW07,AGT07,2024-06-15,180000.0,Southwest,Agent,
LIF-1038,Property Manager,50,460000.0,1200.0,Term Life,2019-08-10,C,No,OH,60000.0,Fair,Smoker,Child,Quarterly,Suspended,UW08,AGT08,2024-01-15,0.0,Midwest,Broker,Suspended for payment delay.
LIF-1039,University Professor,47,1250000.0,2250.0,Whole Life,2018-11-18,B,Yes,NY,100000.0,Good,Non-Smoker,Spouse,Annual,Active,UW09,AGT09,2024-06-10,225000.0,Northeast,Agent,
LIF-1040,Financial Consultant,33,650000.0,1350.0,Universal Life,2021-02-01,A,Yes,CA,115000.0,Excellent,Non-Smoker,Spouse,Monthly,Active,UW10,AGT10,2024-06-15,98000.0,West,Online,
LIF-1041,Software Engineer,34,480000.0,3700.0,Term Life,2019-06-15,A,No,CA,135000.0,Excellent,Non-Smoker,Spouse,Annual,Active,UW03,AGT02,2024-05-20,0.0,West,Online,
LIF-1042,Registered Nurse,45,750000.0,10200.0,Whole Life,2020-08-10,B,Yes,TX,89000.0,Good,Non-Smoker,Child,Monthly,Active,UW07,AGT15,2024-06-05,85000.0,Southwest,Agent,
LIF-1043,Insurance Agent,38,1200000.0,22700.0,Universal Life,2018-12-01,C,Yes,NY,120000.0,Fair,Smoker,Spouse,Quarterly,Active,UW14,AGT22,2024-06-10,560000.0,Northeast,Broker,
LIF-1044,Construction Worker,50,520000.0,16000.0,Term Life,2021-03-22,D,Yes,IL,60000.0,Fair,Smoker,Other,Annual,Lapsed,UW11,AGT09,2022-11-30,0.0,Midwest,Agent,Policy lapsed due to missed premiums
LIF-1045,Financial Advisor,42,950000.0,14950.0,Whole Life,2018-05-19,A,Yes,FL,180000.0,Good,Non-Smoker,Spouse,Annual,Active,UW01,AGT01,2024-06-01,210000.0,Southeast,Agent,
LIF-1046,Teacher,29,300000.0,4200.0,Term Life,2023-01-15,A,No,WA,55000.0,Excellent,Non-Smoker,Parent,Monthly,Active,UW12,AGT16,2024-06-10,0.0,West,Online,
LIF-1047,Commercial Truck Driver,55,400000.0,9300.0,Whole Life,2019-09-20,D,Yes,OH,68000.0,Fair,Smoker,Spouse,Annual,Lapsed,UW05,AGT05,2022-12-15,40000.0,Midwest,Broker,Multiple payment defaults
LIF-1048,Marketing Manager,41,1100000.0,18700.0,Universal Life,2018-07-10,B,Yes,CO,125000.0,Good,Non-Smoker,Child,Quarterly,Active,UW08,AGT28,2024-06-07,610000.0,West,Online,
LIF-1049,Retail Manager,47,375000.0,8900.0,Term Life,2022-04-25,C,Yes,GA,65000.0,Fair,Non-Smoker,Spouse,Monthly,Active,UW10,AGT11,2024-06-03,0.0,Southeast,Agent,
LIF-1050,Physician,39,3500000.0,88200.0,Whole Life,2018-02-05,A,Yes,MA,350000.0,Excellent,Non-Smoker,Spouse,Annual,Active,UW02,AGT14,2024-05-25,1200000.0,Northeast,Agent,
LIF-1051,Restaurant Worker,52,275000.0,7600.0,Term Life,2019-11-12,E,No,NV,38000.0,Poor,Smoker,Child,Monthly,Lapsed,UW13,AGT06,2023-02-05,0.0,West,Direct Mail,Policy lapsed due to payment delinquency
LIF-1052,Architect,49,1500000.0,23000.0,Universal Life,2021-10-18,B,Yes,OR,155000.0,Good,Non-Smoker,Spouse,Annual,Active,UW06,AGT04,2024-06-09,750000.0,West,Phone,
LIF-1053,Electrician,57,450000.0,14400.0,Whole Life,2018-03-30,D,Yes,MI,72000.0,Fair,Smoker,Spouse,Monthly,Terminated,UW15,AGT09,2021-12-20,88000.0,Midwest,Broker,Terminated due to adverse medical findings
LIF-1054,University Professor,63,520000.0,22000.0,Whole Life,2018-06-27,C,Yes,VT,97000.0,Good,Non-Smoker,Child,Quarterly,Active,UW04,AGT27,2024-05-15,175000.0,Northeast,Agent,
LIF-1055,Pharmacist,36,650000.0,15000.0,Whole Life,2020-09-17,A,Yes,NJ,115000.0,Excellent,Non-Smoker,Spouse,Monthly,Active,UW01,AGT23,2024-06-11,260000.0,Northeast,Agent,
LIF-1056,Auto Mechanic,53,325000.0,10500.0,Term Life,2019-04-05,D,Yes,NC,59000.0,Fair,Smoker,Parent,Quarterly,Suspended,UW09,AGT30,2023-06-20,0.0,Southeast,Broker,Payments suspended due to recent missed premiums
LIF-1057,Software Developer,27,280000.0,3800.0,Term Life,2022-05-21,A,No,MD,70000.0,Excellent,Non-Smoker,Spouse,Monthly,Active,UW03,AGT18,2024-06-08,0.0,Northeast,Online,
LIF-1058,Property Manager,44,485000.0,13500.0,Whole Life,2021-07-14,B,Yes,AZ,90000.0,Good,Non-Smoker,Child,Annual,Active,UW08,AGT11,2024-06-10,105000.0,Southwest,Agent,
LIF-1059,Physician,58,6000000.0,250000.0,Whole Life,2019-03-10,C,Yes,IL,480000.0,Good,Non-Smoker,Spouse,Annual,Active,UW02,AGT25,2024-05-30,2400000.0,Midwest,Broker,
LIF-1060,Truck Driver,49,600000.0,17700.0,Universal Life,2018-11-22,D,Yes,PA,72000.0,Fair,Smoker,Other,Monthly,Lapsed,UW13,AGT08,2022-10-10,150000.0,Northeast,Direct Mail,Policy lapsed after payment irregularities
LIF-1061,Consulting Engineer,35,800000.0,15800.0,Term Life,2023-02-28,B,Yes,MN,130000.0,Excellent,Non-Smoker,Spouse,Annual,Active,UW05,AGT26,2024-06-12,0.0,Midwest,Online,
LIF-1062,Sales Representative,46,430000.0,12400.0,Term Life,2019-05-06,C,Yes,MO,67000.0,Good,Non-Smoker,Parent,Quarterly,Active,UW12,AGT12,2024-06-04,0.0,Midwest,Agent,
LIF-1063,Plumber,40,525000.0,14250.0,Whole Life,2018-08-19,C,Yes,WI,80000.0,Good,Non-Smoker,Spouse,Annual,Active,UW09,AGT07,2024-05-15,105000.0,Midwest,Agent,
LIF-1064,Truck Driver,60,300000.0,12000.0,Term Life,2017-11-11,E,Yes,IN,45000.0,Poor,Smoker,Other,Annual,Terminated,UW11,AGT20,2022-07-07,0.0,Midwest,Broker,Terminated due to serious health decline
LIF-1065,Financial Advisor,52,900000.0,20800.0,Whole Life,2020-12-05,B,Yes,VA,170000.0,Good,Non-Smoker,Spouse,Monthly,Active,UW01,AGT19,2024-06-09,190000.0,Southeast,Agent,
LIF-1066,Restaurant Manager,37,450000.0,9200.0,Term Life,2022-01-10,C,Yes,SC,63000.0,Good,Non-Smoker,Child,Monthly,Active,UW10,AGT21,2024-06-10,0.0,Southeast,Online,
LIF-1067,Software Developer,33,350000.0,4050.0,Term Life,2023-04-01,A,No,NY,85000.0,Excellent,Non-Smoker,Spouse,Monthly,Active,UW03,AGT24,2024-06-12,0.0,Northeast,Direct Mail,
LIF-1068,Construction Worker,48,400000.0,16700.0,Term Life,2019-10-30,E,Yes,PA,60000.0,Fair,Smoker,Spouse,Annual,Lapsed,UW13,AGT10,2022-12-01,0.0,Northeast,Agent,Policy lapsed for missed payments
LIF-1069,University Professor,50,680000.0,19700.0,Universal Life,2018-03-17,B,Yes,MA,100000.0,Good,Non-Smoker,Child,Annual,Active,UW04,AGT13,2024-05-21,195000.0,Northeast,Agent,
LIF-1070,Pharmacist,41,750000.0,21200.0,Whole Life,2021-06-06,A,Yes,GA,130000.0,Excellent,Non-Smoker,Spouse,Monthly,Active,UW01,AGT12,2024-06-10,330000.0,Southeast,Online,
LIF-1071,Physical Therapist,43,450000.0,11900.0,Universal Life,2020-08-19,B,Yes,MN,80000.0,Good,Non-Smoker,Spouse,Annual,Active,UW06,AGT18,2024-06-08,110000.0,Midwest,Agent,
LIF-1072,Retail Manager,39,375000.0,9000.0,Term Life,2022-03-14,B,No,MO,60000.0,Good,Non-Smoker,Child,Monthly,Active,UW10,AGT02,2024-06-09,0.0,Midwest,Agent,
LIF-1073,Attorney,42,1100000.0,20500.0,Whole Life,2018-10-01,A,Yes,NY,145000.0,Good,Non-Smoker,Spouse,Quarterly,Active,UW07,AGT26,2024-05-30,280000.0,Northeast,Agent,
LIF-1074,Warehouse Personnel,56,425000.0,15300.0,Universal Life,2019-12-11,D,Yes,IN,59000.0,Fair,Smoker,Other,Annual,Lapsed,UW15,AGT05,2023-05-10,110000.0,Midwest,Broker,Lapsed policy due to non-payment
LIF-1075,Accountant,30,260000.0,3600.0,Term Life,2023-01-25,A,No,CA,70000.0,Excellent,Non-Smoker,Spouse,Monthly,Active,UW03,AGT08,2024-06-11,0.0,West,Direct Mail,
LIF-1076,Financial Advisor,48,1200000.0,24000.0,Whole Life,2020-05-20,B,Yes,TX,150000.0,Good,Non-Smoker,Spouse,Annual,Active,UW01,AGT01,2024-06-10,530000.0,Southwest,Agent,
LIF-1077,Real Estate Broker,37,700000.0,16500.0,Universal Life,2021-09-15,B,Yes,FL,95000.0,Good,Non-Smoker,Child,Monthly,Active,UW04,AGT30,2024-06-08,225000.0,Southeast,Online,
LIF-1078,Nurse,42,630000.0,15200.0,Whole Life,2018-09-10,B,Yes,WI,84000.0,Good,Non-Smoker,Spouse,Quarterly,Active,UW09,AGT14,2024-06-01,200000.0,Midwest,Agent,
LIF-1079,Construction Worker,58,480000.0,17000.0,Whole Life,2018-05-22,E,Yes,OH,61000.0,Fair,Smoker,Other,Annual,Suspended,UW13,AGT04,2023-04-15,120000.0,Midwest,Direct Mail,Suspended due to recent payment issues
LIF-1080,Corporate Executive,54,9000000.0,380000.0,Whole Life,2018-06-28,A,Yes,NY,600000.0,Excellent,Non-Smoker,Spouse,Annual,Active,UW01,AGT17,2024-06-05,3200000.0,Northeast,Agent,
